season,country,predicted_influenza_peak,real_influenza_peak,predicted_influenza_peak_value,real_influenza_peak_value,mse,pcc
2008-2009,italy,2009-06,2009-04,6.42137944728801,8.23,0.8976191848965158,0.9267857097902458
2009-2010,italy,2010-05,2009-46,6.808062586812209,12.92,33.51874083787619,-0.6509182199620133
2010-2011,italy,2010-42,2011-05,3.313943661971831,11.04,10.77784534661926,-1.6780529255273234e-16
2011-2012,italy,2012-05,2012-05,6.311519305450239,9.64,2.1040928442362126,0.9003078498717489
2012-2013,italy,2013-05,2013-06,8.993496661990635,9.99,5.16512060806072,0.8880747141176141
2013-2014,italy,2014-06,2014-06,7.166874334430496,6.67,0.6074172889010812,0.9672141622822635
2014-2015,italy,2015-04,2015-04,4.606076726178238,10.87,7.2250968929363495,0.8903475154465837
2015-2016,italy,2016-05,2016-08,5.629147483180857,6.14,2.2002981996007827,0.691905667340454
