week,incidence
2008-42,0.979399
2008-43,1.04943
2008-44,1.13218
2008-45,1.13156
2008-46,1.15469
2008-47,1.20448
2008-48,1.36081
2008-49,1.30322
2008-50,1.30204
2008-51,1.45109
2008-52,1.79927
2009-1,1.47138
2009-2,1.61555
2009-3,1.95333
2009-4,2.42907
2009-5,2.96686
2009-6,3.57354
2009-7,3.36653
2009-8,3.2962
2009-9,3.17227
2009-10,2.5804
2009-11,2.42922
2009-12,1.99028
2009-13,1.72423
2009-14,1.60355
2009-15,1.28418

